"('ID', 0)","('Population', 4067175)","('Name', 'Alberta')","('Age20_34', 0.22274674682058185)","('Age35_49', 0.2104040273654318)","('Age50_64', 0.19327297202603774)","('Age64Over', 0.12298954433974442)","('Immigration', 0.21246460347724883)","('Asian', 0.15905760215175396)","('African', 0.03252516873421062)","('Hispanic', 0.01384688862913666)","('MiddleEastern', 0.019526664404308534)","('white', 0.7654261402913415)","('AvgHouseholdIncome', 125522.0)","('NoCertificate', 0.16863924243109502)","('secondaryDiploma', 0.27943463051828654)","('postSecondaryDiploma', 0.5519261270506184)","('UnemploymentRate', 9.0)",,None
"('ID', 1)","('Population', 48980)","('Name', 'Calgary-Acadia')","('Age20_34', 0.23509595753368723)","('Age35_49', 0.21182115149040426)","('Age50_64', 0.2115149040424663)","('Age64Over', 0.15669661086157616)","('Immigration', 0.24708070683062933)","('Asian', 0.15779683786297405)","('African', 0.02666115531673039)","('Hispanic', 0.018704143846233336)","('MiddleEastern', 0.017360752299266303)","('white', 0.7699700320347215)","('AvgHouseholdIncome', 110720.0)","('NoCertificate', 0.12725750508312403)","('secondaryDiploma', 0.2884822389666308)","('postSecondaryDiploma', 0.5842602559502452)","('UnemploymentRate', 10.3)",,UCP
"('ID', 2)","('Population', 50215)","('Name', 'Calgary-Beddington')","('Age20_34', 0.204022702379767)","('Age35_49', 0.2090012944339341)","('Age50_64', 0.2289156626506024)","('Age64Over', 0.11888877825350991)","('Immigration', 0.30913091309130913)","('Asian', 0.2562)","('African', 0.0476)","('Hispanic', 0.0245)","('MiddleEastern', 0.0221)","('white', 0.6359)","('AvgHouseholdIncome', 110092.0)","('NoCertificate', 0.16781776323761058)","('secondaryDiploma', 0.2980734278444202)","('postSecondaryDiploma', 0.5343511450381679)","('UnemploymentRate', 9.1)",,UCP
"('ID', 3)","('Population', 51150)","('Name', 'Calgary-Bow')","('Age20_34', 0.18836754643206255)","('Age35_49', 0.2475073313782991)","('Age50_64', 0.1959921798631476)","('Age64Over', 0.11319648093841642)","('Immigration', 0.2358707612283685)","('Asian', 0.15214564369310793)","('African', 0.028308492547764328)","('Hispanic', 0.020106031809542863)","('MiddleEastern', 0.026107832349704912)","('white', 0.761628488546564)","('AvgHouseholdIncome', 160781.0)","('NoCertificate', 0.11671686746987951)","('secondaryDiploma', 0.21950301204819278)","('postSecondaryDiploma', 0.6637801204819277)","('UnemploymentRate', 9.4)",,UCP
"('ID', 4)","('Population', 49900)","('Name', 'Calgary-Buffalo')","('Age20_34', 0.4432865731462926)","('Age35_49', 0.2155310621242485)","('Age50_64', 0.15360721442885772)","('Age64Over', 0.1065130260521042)","('Immigration', 0.31116038433111604)","('Asian', 0.22534318901795142)","('African', 0.0409714889123548)","('Hispanic', 0.025131995776135164)","('MiddleEastern', 0.0337909186906019)","('white', 0.6585005279831045)","('AvgHouseholdIncome', 116733.0)","('NoCertificate', 0.07597351587925036)","('secondaryDiploma', 0.18931657501963864)","('postSecondaryDiploma', 0.734822129951745)","('UnemploymentRate', 8.1)",,NDP
"('ID', 5)","('Population', 50635)","('Name', 'Calgary-Cross')","('Age20_34', 0.21654981732003556)","('Age35_49', 0.20667522464698332)","('Age50_64', 0.19887429643527205)","('Age64Over', 0.12807346696948751)","('Immigration', 0.43386505498860595)","('Asian', 0.34925195680174376)","('African', 0.0853066481720004)","('Hispanic', 0.02714752798969583)","('MiddleEastern', 0.102050926384623)","('white', 0.4106806697711285)","('AvgHouseholdIncome', 88440.0)","('NoCertificate', 0.25349884386028965)","('secondaryDiploma', 0.33150784958013874)","('postSecondaryDiploma', 0.4149933065595716)","('UnemploymentRate', 11.4)",,UCP
"('ID', 6)","('Population', 48530)","('Name', 'Calgary-Currie')","('Age20_34', 0.30537811662888936)","('Age35_49', 0.2285184422007006)","('Age50_64', 0.17679785699567277)","('Age64Over', 0.10704718730682053)","('Immigration', 0.23178053830227743)","('Asian', 0.13210477275080237)","('African', 0.047106325706594884)","('Hispanic', 0.01760016564861787)","('MiddleEastern', 0.028781447354798633)","('white', 0.7601200952479553)","('AvgHouseholdIncome', 119978.0)","('NoCertificate', 0.10521844660194175)","('secondaryDiploma', 0.24890776699029127)","('postSecondaryDiploma', 0.645995145631068)","('UnemploymentRate', 8.8)",,UCP
"('ID', 7)","('Population', 50835)","('Name', 'Calgary-East')","('Age20_34', 0.21481262909412807)","('Age35_49', 0.22100914724107407)","('Age50_64', 0.21412412707780074)","('Age64Over', 0.10435723418904298)","('Immigration', 0.33028616852146264)","('Asian', 0.27335055643879175)","('African', 0.0739268680445151)","('Hispanic', 0.025238473767885534)","('MiddleEastern', 0.045011923688394274)","('white', 0.5601152623211447)","('AvgHouseholdIncome', 80561.0)","('NoCertificate', 0.2913607440039158)","('secondaryDiploma', 0.33504650024473814)","('postSecondaryDiploma', 0.37359275575134604)","('UnemploymentRate', 11.2)",,UCP
"('ID', 8)","('Population', 50800)","('Name', 'Calgary-Edgemont')","('Age20_34', 0.19429133858267716)","('Age35_49', 0.18375984251968505)","('Age50_64', 0.24734251968503937)","('Age64Over', 0.1498031496062992)","('Immigration', 0.3824284304047384)","('Asian', 0.36564659427443236)","('African', 0.021520236920039487)","('Hispanic', 0.014116485686080947)","('MiddleEastern', 0.029713721618953602)","('white', 0.5565646594274433)","('AvgHouseholdIncome', 154545.0)","('NoCertificate', 0.10674288380774614)","('secondaryDiploma', 0.22865142323845078)","('postSecondaryDiploma', 0.6647223518432105)","('UnemploymentRate', 11.0)",,UCP
"('ID', 9)","('Population', 48515)","('Name', 'Calgary-Elbow')","('Age20_34', 0.25806451612903225)","('Age35_49', 0.22477584252293106)","('Age50_64', 0.19509430073173245)","('Age64Over', 0.12851695351953005)","('Immigration', 0.19457299116533447)","('Asian', 0.10905457987170049)","('African', 0.02849931643705963)","('Hispanic', 0.012724787043853191)","('MiddleEastern', 0.017457145861815123)","('white', 0.8229046166789358)","('AvgHouseholdIncome', 220200.0)","('NoCertificate', 0.07913400522583053)","('secondaryDiploma', 0.21401020281199454)","('postSecondaryDiploma', 0.706855791962175)","('UnemploymentRate', 8.5)",,UCP
"('ID', 10)","('Population', 52685)","('Name', 'Calgary-Falconridge')","('Age20_34', 0.2262503558887729)","('Age35_49', 0.21505172250166082)","('Age50_64', 0.1833538957957673)","('Age64Over', 0.09366992502609851)","('Immigration', 0.4869399428026692)","('Asian', 0.4868935277857211)","('African', 0.08702697550281194)","('Hispanic', 0.024115908874273187)","('MiddleEastern', 0.06434086359736918)","('white', 0.32008388142217137)","('AvgHouseholdIncome', 94398.0)","('NoCertificate', 0.23786407766990292)","('secondaryDiploma', 0.3262135922330097)","('postSecondaryDiploma', 0.4358009708737864)","('UnemploymentRate', 10.4)",,UCP
"('ID', 11)","('Population', 47695)","('Name', 'Calgary-Fish Creek')","('Age20_34', 0.17737708355173498)","('Age35_49', 0.18555404130411993)","('Age50_64', 0.2505503721564105)","('Age64Over', 0.16374882063109342)","('Immigration', 0.17256495242168288)","('Asian', 0.07880667236954662)","('African', 0.014970059880239521)","('Hispanic', 0.01240376390076989)","('MiddleEastern', 0.007057313943541489)","('white', 0.8807741659538066)","('AvgHouseholdIncome', 158808.0)","('NoCertificate', 0.1205927439959121)","('secondaryDiploma', 0.2870464997445069)","('postSecondaryDiploma', 0.5924885028104241)","('UnemploymentRate', 9.1)",,UCP
"('ID', 12)","('Population', 45720)","('Name', 'Calgary-Foothills')","('Age20_34', 0.23512685914260717)","('Age35_49', 0.2462817147856518)","('Age50_64', 0.16305774278215224)","('Age64Over', 0.07534995625546807)","('Immigration', 0.4087349729789346)","('Asian', 0.35793073020075006)","('African', 0.06728435914405471)","('Hispanic', 0.028899183763512023)","('MiddleEastern', 0.03364217957202736)","('white', 0.4905140083829693)","('AvgHouseholdIncome', 137340.0)","('NoCertificate', 0.1060712776447387)","('secondaryDiploma', 0.22763769545006338)","('postSecondaryDiploma', 0.6661501619946472)","('UnemploymentRate', 10.3)",,UCP
"('ID', 13)","('Population', 49510)","('Name', 'Calgary-Glenmore')","('Age20_34', 0.18006463340739245)","('Age35_49', 0.18380125227226823)","('Age50_64', 0.23369016360331246)","('Age64Over', 0.19258735608967886)","('Immigration', 0.22580311951244705)","('Asian', 0.10225160090890312)","('African', 0.023755422433381534)","('Hispanic', 0.0174550712662673)","('MiddleEastern', 0.013426977897128692)","('white', 0.8349514563106796)","('AvgHouseholdIncome', 160376.0)","('NoCertificate', 0.10312691600245248)","('secondaryDiploma', 0.25652973635806253)","('postSecondaryDiploma', 0.640343347639485)","('UnemploymentRate', 9.9)",,UCP
"('ID', 14)","('Population', 50790)","('Name', 'Calgary-Hays')","('Age20_34', 0.2587123449497933)","('Age35_49', 0.26442213034061823)","('Age50_64', 0.1340815121086828)","('Age64Over', 0.0536522937586139)","('Immigration', 0.23259728686008516)","('Asian', 0.15981780374294485)","('African', 0.02782453708287949)","('Hispanic', 0.020497078918704822)","('MiddleEastern', 0.014852955738191901)","('white', 0.7627487870086147)","('AvgHouseholdIncome', 140596.0)","('NoCertificate', 0.10641891891891891)","('secondaryDiploma', 0.26949064449064447)","('postSecondaryDiploma', 0.6242203742203742)","('UnemploymentRate', 8.2)",,UCP
"('ID', 15)","('Population', 50320)","('Name', 'Calgary-Klein')","('Age20_34', 0.25129173290937995)","('Age35_49', 0.21283783783783783)","('Age50_64', 0.2082670906200318)","('Age64Over', 0.1329491255961844)","('Immigration', 0.2578031212484994)","('Asian', 0.16696678671468587)","('African', 0.06592637054821929)","('Hispanic', 0.022008803521408563)","('MiddleEastern', 0.024809923969587835)","('white', 0.7106842737094838)","('AvgHouseholdIncome', 102066.0)","('NoCertificate', 0.16554730764698952)","('secondaryDiploma', 0.2827854365500177)","('postSecondaryDiploma', 0.5515494285377637)","('UnemploymentRate', 10.8)",,UCP
"('ID', 16)","('Population', 42955)","('Name', 'Calgary-Lougheed')","('Age20_34', 0.19194505878244675)","('Age35_49', 0.2602723780700733)","('Age50_64', 0.17739494820160634)","('Age64Over', 0.09090909090909091)","('Immigration', 0.42264416315049225)","('Asian', 0.29872260635181064)","('African', 0.033751318410875426)","('Hispanic', 0.03386851048869097)","('MiddleEastern', 0.031055900621118012)","('white', 0.5877182702449314)","('AvgHouseholdIncome', 141333.0)","('NoCertificate', 0.11368735976065819)","('secondaryDiploma', 0.2556469708302169)","('postSecondaryDiploma', 0.630815258040389)","('UnemploymentRate', 10.2)",,UCP
"('ID', 17)","('Population', 48735)","('Name', 'Calgary-McCall')","('Age20_34', 0.2378167641325536)","('Age35_49', 0.24294654765568893)","('Age50_64', 0.1329639889196676)","('Age64Over', 0.06278855032317636)","('Immigration', 0.6095424567188789)","('Asian', 0.7234130255564716)","('African', 0.055647155812036275)","('Hispanic', 0.02133140972794724)","('MiddleEastern', 0.0390560593569662)","('white', 0.13891178895300907)","('AvgHouseholdIncome', 98785.0)","('NoCertificate', 0.21878453038674034)","('secondaryDiploma', 0.31422651933701656)","('postSecondaryDiploma', 0.46685082872928174)","('UnemploymentRate', 9.4)",,NDP
"('ID', 18)","('Population', 49460)","('Name', 'Calgary-Mountain View')","('Age20_34', 0.3067124949454104)","('Age35_49', 0.2265467044076021)","('Age50_64', 0.18186413263243026)","('Age64Over', 0.11908613020622726)","('Immigration', 0.1906932372270511)","('Asian', 0.12804748781004877)","('African', 0.03285986856052576)","('Hispanic', 0.01505193979224083)","('MiddleEastern', 0.013673945304218784)","('white', 0.7991308034767861)","('AvgHouseholdIncome', 151797.0)","('NoCertificate', 0.08140247640063748)","('secondaryDiploma', 0.19798945690817701)","('postSecondaryDiploma', 0.7206080666911855)","('UnemploymentRate', 8.1)",,NDP
"('ID', 19)","('Population', 39115)","('Name', 'Calgary-North')","('Age20_34', 0.21040521539051515)","('Age35_49', 0.2771315352166688)","('Age50_64', 0.13626486002812221)","('Age64Over', 0.06685414802505432)","('Immigration', 0.43111684958037444)","('Asian', 0.4723728375935967)","('African', 0.06209656596953266)","('Hispanic', 0.021559514588174542)","('MiddleEastern', 0.04221533694810225)","('white', 0.3770978569584302)","('AvgHouseholdIncome', 136337.0)","('NoCertificate', 0.1303374655647383)","('secondaryDiploma', 0.24552341597796143)","('postSecondaryDiploma', 0.6239669421487604)","('UnemploymentRate', 9.0)",,UCP
"('ID', 20)","('Population', 40370)","('Name', 'Calgary-North East')","('Age20_34', 0.24721327718602923)","('Age35_49', 0.2537775575922715)","('Age50_64', 0.140698538518702)","('Age64Over', 0.07146395838493931)","('Immigration', 0.3988833746898263)","('Asian', 0.39838709677419354)","('African', 0.06389578163771713)","('Hispanic', 0.027791563275434243)","('MiddleEastern', 0.03064516129032258)","('white', 0.4595533498759305)","('AvgHouseholdIncome', 112494.0)","('NoCertificate', 0.15000804764204087)","('secondaryDiploma', 0.2798969901818767)","('postSecondaryDiploma', 0.5702559150169001)","('UnemploymentRate', 8.9)",,UCP
"('ID', 21)","('Population', 48795)","('Name', 'Calgary-North West')","('Age20_34', 0.16968951736858284)","('Age35_49', 0.2624244287324521)","('Age50_64', 0.17921918229326775)","('Age64Over', 0.09724357003791372)","('Immigration', 0.2792140641158221)","('Asian', 0.22740434332988624)","('African', 0.02357807652533609)","('Hispanic', 0.019751809720785937)","('MiddleEastern', 0.025129265770423993)","('white', 0.6883143743536712)","('AvgHouseholdIncome', 167181.0)","('NoCertificate', 0.08832214765100671)","('secondaryDiploma', 0.2083221476510067)","('postSecondaryDiploma', 0.703489932885906)","('UnemploymentRate', 9.1)",,UCP
"('ID', 22)","('Population', 45800)","('Name', 'Calgary-Peigan')","('Age20_34', 0.2004366812227074)","('Age35_49', 0.20895196506550218)","('Age50_64', 0.25676855895196504)","('Age64Over', 0.12019650655021834)","('Immigration', 0.20764485569508703)","('Asian', 0.1431875757241987)","('African', 0.029298380878951428)","('Hispanic', 0.01707236479788523)","('MiddleEastern', 0.014869479017512942)","('white', 0.7851084921246834)","('AvgHouseholdIncome', 129915.0)","('NoCertificate', 0.17520145567975046)","('secondaryDiploma', 0.29581492071744214)","('postSecondaryDiploma', 0.529113595009098)","('UnemploymentRate', 8.6)",,UCP
"('ID', 23)","('Population', 45170)","('Name', 'Calgary-Shaw')","('Age20_34', 0.20976311711312817)","('Age35_49', 0.2614567190613239)","('Age50_64', 0.16769980075271199)","('Age64Over', 0.08014168696037192)","('Immigration', 0.35639366212898904)","('Asian', 0.23588484713233654)","('African', 0.030796697165811203)","('Hispanic', 0.031131443874135238)","('MiddleEastern', 0.02287435840214238)","('white', 0.6645837982593171)","('AvgHouseholdIncome', 139682.0)","('NoCertificate', 0.11229264142917907)","('secondaryDiploma', 0.2591804905713881)","('postSecondaryDiploma', 0.6283850843612647)","('UnemploymentRate', 9.7)",,UCP
"('ID', 24)","('Population', 40310)","('Name', 'Calgary-South East')","('Age20_34', 0.25762838005457706)","('Age35_49', 0.27834284296700573)","('Age50_64', 0.10754155296452493)","('Age64Over', 0.040560654924336394)","('Immigration', 0.23884874158983305)","('Asian', 0.17680039870421133)","('African', 0.02466982307500623)","('Hispanic', 0.02940443558435086)","('MiddleEastern', 0.016321953650635435)","('white', 0.7378519810615499)","('AvgHouseholdIncome', 155348.0)","('NoCertificate', 0.08407994486560992)","('secondaryDiploma', 0.23380427291523087)","('postSecondaryDiploma', 0.6821157822191593)","('UnemploymentRate', 7.4)",,UCP
"('ID', 25)","('Population', 45745)","('Name', 'Calgary-Varsity')","('Age20_34', 0.2672423215651984)","('Age35_49', 0.17422669144168762)","('Age50_64', 0.19138703683462674)","('Age64Over', 0.17695923051699639)","('Immigration', 0.23363418256597737)","('Asian', 0.17365474694390495)","('African', 0.023649034616702844)","('Hispanic', 0.01131040786016223)","('MiddleEastern', 0.032446018507940134)","('white', 0.7475151376670855)","('AvgHouseholdIncome', 140545.0)","('NoCertificate', 0.07997881355932203)","('secondaryDiploma', 0.2088188559322034)","('postSecondaryDiploma', 0.7110699152542372)","('UnemploymentRate', 10.0)",,UCP
"('ID', 26)","('Population', 46470)","('Name', 'Calgary-West')","('Age20_34', 0.15138799225306648)","('Age35_49', 0.23552829782655477)","('Age50_64', 0.21411663438777706)","('Age64Over', 0.12352055089304928)","('Immigration', 0.32535211267605635)","('Asian', 0.23185265438786565)","('African', 0.022426868905742144)","('Hispanic', 0.02275189599133261)","('MiddleEastern', 0.04788732394366197)","('white', 0.6556879739978332)","('AvgHouseholdIncome', 234963.0)","('NoCertificate', 0.09249658935879945)","('secondaryDiploma', 0.2024556616643929)","('postSecondaryDiploma', 0.7051841746248295)","('UnemploymentRate', 10.9)",,UCP
"('ID', 27)","('Population', 47055)","('Name', 'Edmonton-Beverly-Clareview')","('Age20_34', 0.2389756667729253)","('Age35_49', 0.1980660928700457)","('Age50_64', 0.19084050579109552)","('Age64Over', 0.11699075549888428)","('Immigration', 0.25440103048518675)","('Asian', 0.12258480034349506)","('African', 0.1258050665521683)","('Hispanic', 0.027586947187634176)","('MiddleEastern', 0.019321597252039503)","('white', 0.6902103907256333)","('AvgHouseholdIncome', 85826.0)","('NoCertificate', 0.21829855537720708)","('secondaryDiploma', 0.3186195826645265)","('postSecondaryDiploma', 0.46308186195826645)","('UnemploymentRate', 11.2)",,NDP
"('ID', 28)","('Population', 46115)","('Name', 'Edmonton-Castle Downs')","('Age20_34', 0.2343055404965846)","('Age35_49', 0.20524775018974303)","('Age50_64', 0.18627344681773828)","('Age64Over', 0.10712349560880408)","('Immigration', 0.30001102171277416)","('Asian', 0.19243910503692274)","('African', 0.0628237628127411)","('Hispanic', 0.014438443734156288)","('MiddleEastern', 0.10757191667585143)","('white', 0.6060839854513391)","('AvgHouseholdIncome', 113098.0)","('NoCertificate', 0.18222408260080927)","('secondaryDiploma', 0.3043114273754709)","('postSecondaryDiploma', 0.513604018417748)","('UnemploymentRate', 8.1)",,NDP
"('ID', 29)","('Population', 47865)","('Name', 'Edmonton-City Centre')","('Age20_34', 0.42034889794212893)","('Age35_49', 0.2007730074166928)","('Age50_64', 0.15992896688603364)","('Age64Over', 0.13151572129948813)","('Immigration', 0.29571303587051617)","('Asian', 0.19039807524059493)","('African', 0.1010498687664042)","('Hispanic', 0.01979440069991251)","('MiddleEastern', 0.03127734033245844)","('white', 0.6427165354330708)","('AvgHouseholdIncome', 79008.0)","('NoCertificate', 0.10916979362101313)","('secondaryDiploma', 0.25046904315197)","('postSecondaryDiploma', 0.6403611632270169)","('UnemploymentRate', 8.7)",,NDP
"('ID', 30)","('Population', 48925)","('Name', 'Edmonton-Decore')","('Age20_34', 0.20878896269800715)","('Age35_49', 0.18559018906489524)","('Age50_64', 0.20296371997956056)","('Age64Over', 0.15840572304547776)","('Immigration', 0.32836287799791447)","('Asian', 0.19142946512355333)","('African', 0.0968616411218851)","('Hispanic', 0.024606401835053696)","('MiddleEastern', 0.08758210822646231)","('white', 0.5832551350224169)","('AvgHouseholdIncome', 97284.0)","('NoCertificate', 0.25248407643312104)","('secondaryDiploma', 0.32063694267515924)","('postSecondaryDiploma', 0.4268789808917198)","('UnemploymentRate', 9.5)",,NDP
"('ID', 31)","('Population', 48025)","('Name', 'Edmonton-Ellerslie')","('Age20_34', 0.2982821447162936)","('Age35_49', 0.24331077563768871)","('Age50_64', 0.11847995835502342)","('Age64Over', 0.04862051015096304)","('Immigration', 0.42469753858990406)","('Asian', 0.47496871088861076)","('African', 0.04516061743846475)","('Hispanic', 0.02231956612432207)","('MiddleEastern', 0.013141426783479349)","('white', 0.42667918231122237)","('AvgHouseholdIncome', 116820.0)","('NoCertificate', 0.12827908254360665)","('secondaryDiploma', 0.257656915258893)","('postSecondaryDiploma', 0.6140640021975003)","('UnemploymentRate', 8.7)",,NDP
"('ID', 32)","('Population', 45370)","('Name', 'Edmonton-Glenora')","('Age20_34', 0.24212034383954154)","('Age35_49', 0.21324663874807143)","('Age50_64', 0.21324663874807143)","('Age64Over', 0.12960105796782015)","('Immigration', 0.22635746606334842)","('Asian', 0.1324660633484163)","('African', 0.06583710407239819)","('Hispanic', 0.0167420814479638)","('MiddleEastern', 0.015158371040723982)","('white', 0.7569004524886878)","('AvgHouseholdIncome', 100122.0)","('NoCertificate', 0.1732633279483037)","('secondaryDiploma', 0.27746365105008075)","('postSecondaryDiploma', 0.5492730210016155)","('UnemploymentRate', 10.0)",,NDP
"('ID', 33)","('Population', 45485)","('Name', 'Edmonton-Gold Bar')","('Age20_34', 0.2332637133120809)","('Age35_49', 0.19028251071781907)","('Age50_64', 0.2197427723425305)","('Age64Over', 0.17852039133780367)","('Immigration', 0.13691764437863083)","('Asian', 0.08282068808384598)","('African', 0.01925267714741399)","('Hispanic', 0.00911369332421964)","('MiddleEastern', 0.006151742993848257)","('white', 0.8777625882889041)","('AvgHouseholdIncome', 105782.0)","('NoCertificate', 0.14155792803479636)","('secondaryDiploma', 0.25767760643205484)","('postSecondaryDiploma', 0.6008962699354159)","('UnemploymentRate', 8.5)",,NDP
"('ID', 34)","('Population', 43545)","('Name', 'Edmonton-Highlands-Norwood')","('Age20_34', 0.253071535193478)","('Age35_49', 0.21104604432196578)","('Age50_64', 0.23171431852107016)","('Age64Over', 0.13239177861981857)","('Immigration', 0.2663904460151109)","('Asian', 0.17170363148915427)","('African', 0.08018523031927857)","('Hispanic', 0.017791859614915913)","('MiddleEastern', 0.015476480623933708)","('white', 0.7013161101632952)","('AvgHouseholdIncome', 75301.0)","('NoCertificate', 0.2471830985915493)","('secondaryDiploma', 0.2728169014084507)","('postSecondaryDiploma', 0.48014084507042254)","('UnemploymentRate', 11.0)",,NDP
"('ID', 35)","('Population', 47810)","('Name', 'Edmonton-Manning')","('Age20_34', 0.25779125705919265)","('Age35_49', 0.21334448860071115)","('Age50_64', 0.17109391340723698)","('Age64Over', 0.0904622463919682)","('Immigration', 0.3093426336926654)","('Asian', 0.2041851616994293)","('African', 0.0984992601986895)","('Hispanic', 0.0326569435637286)","('MiddleEastern', 0.03286831536673008)","('white', 0.6095962798562672)","('AvgHouseholdIncome', 111036.0)","('NoCertificate', 0.18680731739885165)","('secondaryDiploma', 0.31005474696221125)","('postSecondaryDiploma', 0.5032714648150621)","('UnemploymentRate', 9.2)",,NDP
"('ID', 36)","('Population', 44585)","('Name', 'Edmonton-McClung')","('Age20_34', 0.22922507569810474)","('Age35_49', 0.1908713692946058)","('Age50_64', 0.20791746102949424)","('Age64Over', 0.14242458225860716)","('Immigration', 0.3062938672189621)","('Asian', 0.2142446208721666)","('African', 0.04844091589000115)","('Hispanic', 0.01587849499482223)","('MiddleEastern', 0.030376251294442526)","('white', 0.6770222068806812)","('AvgHouseholdIncome', 131108.0)","('NoCertificate', 0.14836546521374686)","('secondaryDiploma', 0.28890751606594023)","('postSecondaryDiploma', 0.5628667225481978)","('UnemploymentRate', 7.9)",,NDP
"('ID', 37)","('Population', 51760)","('Name', 'Edmonton-Meadows')","('Age20_34', 0.249903400309119)","('Age35_49', 0.22082689335394126)","('Age50_64', 0.17610123647604328)","('Age64Over', 0.07998454404945904)","('Immigration', 0.3978243978243978)","('Asian', 0.46493783993783994)","('African', 0.03904428904428905)","('Hispanic', 0.018745143745143744)","('MiddleEastern', 0.010586635586635586)","('white', 0.4518259518259518)","('AvgHouseholdIncome', 119161.0)","('NoCertificate', 0.16346506790652146)","('secondaryDiploma', 0.3122476446837147)","('postSecondaryDiploma', 0.5242872874097638)","('UnemploymentRate', 9.3)",,NDP
"('ID', 38)","('Population', 50300)","('Name', 'Edmonton-Mill Woods')","('Age20_34', 0.21570576540755468)","('Age35_49', 0.19801192842942347)","('Age50_64', 0.1960238568588469)","('Age64Over', 0.13648111332007953)","('Immigration', 0.3209789505488972)","('Asian', 0.2671232876712329)","('African', 0.06788879935535858)","('Hispanic', 0.030419016921837228)","('MiddleEastern', 0.01661966156325544)","('white', 0.6007252215954875)","('AvgHouseholdIncome', 95725.0)","('NoCertificate', 0.17927837634678026)","('secondaryDiploma', 0.3050613881232774)","('postSecondaryDiploma', 0.5156602355299423)","('UnemploymentRate', 10.2)",,NDP
"('ID', 39)","('Population', 45530)","('Name', 'Edmonton-North West')","('Age20_34', 0.2283110037338019)","('Age35_49', 0.2095321765868658)","('Age50_64', 0.17120579837469801)","('Age64Over', 0.12914561827366572)","('Immigration', 0.31544309542720983)","('Asian', 0.2195620106660615)","('African', 0.07466243050039714)","('Hispanic', 0.015431748553273573)","('MiddleEastern', 0.08714399183025076)","('white', 0.5803926018381935)","('AvgHouseholdIncome', 105237.0)","('NoCertificate', 0.1900647948164147)","('secondaryDiploma', 0.2993520518358531)","('postSecondaryDiploma', 0.5105831533477322)","('UnemploymentRate', 8.5)",,NDP
"('ID', 40)","('Population', 45195)","('Name', 'Edmonton-Riverview')","('Age20_34', 0.23321163845558138)","('Age35_49', 0.18774200685916584)","('Age50_64', 0.2065493970571966)","('Age64Over', 0.1628498727735369)","('Immigration', 0.23138113903620014)","('Asian', 0.18549688724925065)","('African', 0.025939589578049344)","('Hispanic', 0.010260548766428406)","('MiddleEastern', 0.015217892552455614)","('white', 0.7512105141803089)","('AvgHouseholdIncome', 140351.0)","('NoCertificate', 0.12974296205630356)","('secondaryDiploma', 0.26057391540867675)","('postSecondaryDiploma', 0.6096831225350198)","('UnemploymentRate', 7.5)",,NDP
"('ID', 41)","('Population', 47270)","('Name', 'Edmonton-Rutherford')","('Age20_34', 0.21779141104294478)","('Age35_49', 0.1884916437486778)","('Age50_64', 0.20012693039983076)","('Age64Over', 0.17199069177067908)","('Immigration', 0.31767866738312733)","('Asian', 0.2732158211521926)","('African', 0.04664660361134996)","('Hispanic', 0.013435081685296647)","('MiddleEastern', 0.025257953568357694)","('white', 0.6284393809114359)","('AvgHouseholdIncome', 128832.0)","('NoCertificate', 0.11698985488634904)","('secondaryDiploma', 0.23616283549505587)","('postSecondaryDiploma', 0.6469757287787338)","('UnemploymentRate', 8.7)",,NDP
"('ID', 42)","('Population', 45890)","('Name', 'Edmonton-South')","('Age20_34', 0.2680322510350839)","('Age35_49', 0.2501634342994116)","('Age50_64', 0.1382654173022445)","('Age64Over', 0.0715842231422968)","('Immigration', 0.3538968166849616)","('Asian', 0.364614202612227)","('African', 0.04993963341016354)","('Hispanic', 0.021183185160794645)","('MiddleEastern', 0.024366150806717154)","('white', 0.5228844254198222)","('AvgHouseholdIncome', 149420.0)","('NoCertificate', 0.09460031016495137)","('secondaryDiploma', 0.22698435076836318)","('postSecondaryDiploma', 0.6785563231354856)","('UnemploymentRate', 7.7)",,NDP
"('ID', 43)","('Population', 45955)","('Name', 'Edmonton-South West')","('Age20_34', 0.26678272222826677)","('Age35_49', 0.2506800130562507)","('Age50_64', 0.1443803721031444)","('Age64Over', 0.0594059405940594)","('Immigration', 0.3410961871750433)","('Asian', 0.32365684575389947)","('African', 0.03520363951473137)","('Hispanic', 0.012673310225303294)","('MiddleEastern', 0.03531195840554593)","('white', 0.5720320623916811)","('AvgHouseholdIncome', 163583.0)","('NoCertificate', 0.09345271404588697)","('secondaryDiploma', 0.24286513710128707)","('postSecondaryDiploma', 0.6638220481253497)","('UnemploymentRate', 6.6)",,UCP
"('ID', 44)","('Population', 46540)","('Name', 'Edmonton-Strathcona')","('Age20_34', 0.41029222174473573)","('Age35_49', 0.18038246669531585)","('Age50_64', 0.14987107864202837)","('Age64Over', 0.11302105715513537)","('Immigration', 0.21310939033700513)","('Asian', 0.20449340167957247)","('African', 0.027156723743047225)","('Hispanic', 0.019740429708801396)","('MiddleEastern', 0.03228269167848184)","('white', 0.7080379539753517)","('AvgHouseholdIncome', 92693.0)","('NoCertificate', 0.08265069079349553)","('secondaryDiploma', 0.24734075070301992)","('postSecondaryDiploma', 0.6700085585034845)","('UnemploymentRate', 8.9)",,NDP
"('ID', 45)","('Population', 43050)","('Name', 'Edmonton-West Henday')","('Age20_34', 0.2305458768873403)","('Age35_49', 0.21742160278745645)","('Age50_64', 0.19070847851335657)","('Age64Over', 0.11707317073170732)","('Immigration', 0.2948429164196799)","('Asian', 0.24303497332542975)","('African', 0.04540604623592175)","('Hispanic', 0.013278008298755186)","('MiddleEastern', 0.024184943687018377)","('white', 0.6567871962062833)","('AvgHouseholdIncome', 108074.0)","('NoCertificate', 0.16454771299137805)","('secondaryDiploma', 0.28262457986263334)","('postSecondaryDiploma', 0.5528277071459886)","('UnemploymentRate', 8.1)",,NDP
"('ID', 46)","('Population', 46830)","('Name', 'Edmonton-Whitemud')","('Age20_34', 0.1910100363015161)","('Age35_49', 0.21610079009182148)","('Age50_64', 0.19827033952594492)","('Age64Over', 0.14018791373051462)","('Immigration', 0.3316637630662021)","('Asian', 0.30691344583560154)","('African', 0.02885138813282526)","('Hispanic', 0.01186717474142624)","('MiddleEastern', 0.03451279259662493)","('white', 0.6051170386499728)","('AvgHouseholdIncome', 178710.0)","('NoCertificate', 0.08590694538098449)","('secondaryDiploma', 0.21672285906945382)","('postSecondaryDiploma', 0.6972353337828725)","('UnemploymentRate', 7.1)",,NDP
"('ID', 47)","('Population', 51150)","('Name', 'Airdrie-Cochrane')","('Age20_34', 0.19423264907135876)","('Age35_49', 0.2332355816226784)","('Age50_64', 0.1852394916911046)","('Age64Over', 0.09970674486803519)","('Immigration', 0.14359024967926576)","('Asian', 0.07323332017370707)","('African', 0.017370706671930518)","('Hispanic', 0.010363205684958547)","('MiddleEastern', 0.0045400710619818395)","('white', 0.8882747729964469)","('AvgHouseholdIncome', 161243.0)","('NoCertificate', 0.11231376543995925)","('secondaryDiploma', 0.255825799057685)","('postSecondaryDiploma', 0.6319877753724691)","('UnemploymentRate', 7.5)",,UCP
"('ID', 48)","('Population', 49975)","('Name', 'Airdrie-East')","('Age20_34', 0.22121060530265133)","('Age35_49', 0.23501750875437719)","('Age50_64', 0.17318659329664832)","('Age64Over', 0.08034017008504252)","('Immigration', 0.10989232162624535)","('Asian', 0.06158800442789574)","('African', 0.02304518466337929)","('Hispanic', 0.010264667404649291)","('MiddleEastern', 0.0059374056556304716)","('white', 0.8926235282278354)","('AvgHouseholdIncome', 126382.0)","('NoCertificate', 0.13943699026571954)","('secondaryDiploma', 0.30623520126282555)","('postSecondaryDiploma', 0.5543278084714549)","('UnemploymentRate', 8.2)",,UCP
"('ID', 49)","('Population', 46985)","('Name', 'Athabasca-Barrhead-Westlock')","('Age20_34', 0.1510056400979036)","('Age35_49', 0.1727146961796318)","('Age50_64', 0.23550069171012025)","('Age64Over', 0.20410769394487602)","('Immigration', 0.0660929052190224)","('Asian', 0.025932465239461487)","('African', 0.0067314058706687266)","('Hispanic', 0.0022070183182520413)","('MiddleEastern', 0.0007724564113882145)","('white', 0.9625910395056279)","('AvgHouseholdIncome', 94540.0)","('NoCertificate', 0.24640794950986974)","('secondaryDiploma', 0.3084463542366053)","('postSecondaryDiploma', 0.4452799785148382)","('UnemploymentRate', 8.5)",,UCP
"('ID', 50)","('Population', 46775)","('Name', 'Banff-Kananaskis')","('Age20_34', 0.20010689470871193)","('Age35_49', 0.21507215392838056)","('Age50_64', 0.23484767504008552)","('Age64Over', 0.11769107429182256)","('Immigration', 0.15552523874488403)","('Asian', 0.07980900409276943)","('African', 0.003751705320600273)","('Hispanic', 0.005343337880854934)","('MiddleEastern', 0.0010231923601637107)","('white', 0.9067758071850841)","('AvgHouseholdIncome', 236797.0)","('NoCertificate', 0.12295081967213115)","('secondaryDiploma', 0.23812170047235343)","('postSecondaryDiploma', 0.6390664073353709)","('UnemploymentRate', 7.8)",,UCP
"('ID', 51)","('Population', 49115)","('Name', 'Bonnyville-Cold Lake-St. Paul')","('Age20_34', 0.22701822253893922)","('Age35_49', 0.19495062608164512)","('Age50_64', 0.18324340832739489)","('Age64Over', 0.1087244222742543)","('Immigration', 0.06261701685042646)","('Asian', 0.04254655154478311)","('African', 0.011962966815770311)","('Hispanic', 0.0032247997503380837)","('MiddleEastern', 0.004681160927910121)","('white', 0.9333194632268803)","('AvgHouseholdIncome', 121478.0)","('NoCertificate', 0.21725110842402257)","('secondaryDiploma', 0.28348784092435847)","('postSecondaryDiploma', 0.49939540507859737)","('UnemploymentRate', 10.6)",,UCP
"('ID', 52)","('Population', 51075)","('Name', 'Brooks-Medicine Hat')","('Age20_34', 0.19001468428781204)","('Age35_49', 0.20861478218306412)","('Age50_64', 0.19490944689182574)","('Age64Over', 0.13773861967694567)","('Immigration', 0.14649811397695994)","('Asian', 0.06228973391783056)","('African', 0.04495871138750127)","('Hispanic', 0.015394025894586605)","('MiddleEastern', 0.0036700988887756144)","('white', 0.867774492812723)","('AvgHouseholdIncome', 101816.0)","('NoCertificate', 0.2370075708969588)","('secondaryDiploma', 0.32195560118054667)","('postSecondaryDiploma', 0.44078018734761965)","('UnemploymentRate', 9.6)",,UCP
"('ID', 53)","('Population', 44075)","('Name', 'Camrose')","('Age20_34', 0.17141236528644357)","('Age35_49', 0.1709585933068633)","('Age50_64', 0.2189449801474759)","('Age64Over', 0.20578559273964833)","('Immigration', 0.06696854146806483)","('Asian', 0.034080076263107724)","('African', 0.005838894184938036)","('Hispanic', 0.004051477597712107)","('MiddleEastern', 0.0017874165872259296)","('white', 0.95197807435653)","('AvgHouseholdIncome', 94661.0)","('NoCertificate', 0.22236689814814814)","('secondaryDiploma', 0.30049189814814814)","('postSecondaryDiploma', 0.47728587962962965)","('UnemploymentRate', 8.3)",,UCP
"('ID', 54)","('Population', 42650)","('Name', 'Cardston-Siksika')","('Age20_34', 0.1735052754982415)","('Age35_49', 0.1630715123094959)","('Age50_64', 0.1824150058616647)","('Age64Over', 0.14232121922626026)","('Immigration', 0.10822566201867724)","('Asian', 0.01419982090315978)","('African', 0.0010234105155430473)","('Hispanic', 0.0055008315210438785)","('MiddleEastern', 0.0002558526288857618)","('white', 0.9765894844569528)","('AvgHouseholdIncome', 81675.0)","('NoCertificate', 0.2910887656033287)","('secondaryDiploma', 0.2806865464632455)","('postSecondaryDiploma', 0.42839805825242716)","('UnemploymentRate', 7.3)",,UCP
"('ID', 55)","('Population', 28985)","('Name', 'Central Peace-Notley')","('Age20_34', 0.17371053993444885)","('Age35_49', 0.1781956184233224)","('Age50_64', 0.2137312402967052)","('Age64Over', 0.15835777126099707)","('Immigration', 0.049737746427925486)","('Asian', 0.0253210345451257)","('African', 0.004340748779164406)","('Hispanic', 0.002170374389582203)","('MiddleEastern', 0.0010851871947911015)","('white', 0.9659974678965455)","('AvgHouseholdIncome', 96168.0)","('NoCertificate', 0.32992269213278763)","('secondaryDiploma', 0.2771714415643474)","('postSecondaryDiploma', 0.3926784902228286)","('UnemploymentRate', 9.8)",,UCP
"('ID', 56)","('Population', 48195)","('Name', 'Chestermere-Strathmore')","('Age20_34', 0.17626309783172528)","('Age35_49', 0.23197427118995748)","('Age50_64', 0.1947297437493516)","('Age64Over', 0.11194107272538645)","('Immigration', 0.16034065818525917)","('Asian', 0.15182420355377985)","('African', 0.015035222374093155)","('Hispanic', 0.007465040479444854)","('MiddleEastern', 0.016822626432551783)","('white', 0.8006518767742614)","('AvgHouseholdIncome', 138679.0)","('NoCertificate', 0.1837560712358338)","('secondaryDiploma', 0.3089584457636266)","('postSecondaryDiploma', 0.5072854830005397)","('UnemploymentRate', 7.6)",,UCP
"('ID', 57)","('Population', 50105)","('Name', 'Cypress-Medicine Hat')","('Age20_34', 0.18451252370022952)","('Age35_49', 0.18870372218341483)","('Age50_64', 0.21464923660313343)","('Age64Over', 0.17004290988923262)","('Immigration', 0.0893239522789844)","('Asian', 0.036606505557255024)","('African', 0.014275517487508922)","('Hispanic', 0.011012542061792597)","('MiddleEastern', 0.004180687264199042)","('white', 0.9313755480779036)","('AvgHouseholdIncome', 97105.0)","('NoCertificate', 0.21321961620469082)","('secondaryDiploma', 0.3125548726953468)","('postSecondaryDiploma', 0.4743509344036122)","('UnemploymentRate', 9.7)",,UCP
"('ID', 58)","('Population', 46645)","('Name', 'Drayton Valley-Devon')","('Age20_34', 0.1796548397470254)","('Age35_49', 0.19937828277414513)","('Age50_64', 0.22714117268731912)","('Age64Over', 0.12863115017686783)","('Immigration', 0.062459194776931445)","('Asian', 0.024156692056583242)","('African', 0.005767138193688792)","('Hispanic', 0.004461371055495104)","('MiddleEastern', 0.0022850924918389553)","('white', 0.9610446137105549)","('AvgHouseholdIncome', 129602.0)","('NoCertificate', 0.2217206948433867)","('secondaryDiploma', 0.30884967856654355)","('postSecondaryDiploma', 0.46942962659006976)","('UnemploymentRate', 10.6)",,UCP
"('ID', 59)","('Population', 41495)","('Name', 'Drumheller-Stettler')","('Age20_34', 0.17158693818532353)","('Age35_49', 0.1780937462344861)","('Age50_64', 0.22508735992288229)","('Age64Over', 0.18110615736835764)","('Immigration', 0.054252199413489736)","('Asian', 0.0321247667288723)","('African', 0.004665422553985604)","('Hispanic', 0.0007997867235403892)","('MiddleEastern', 0.00026659557451346307)","('white', 0.9601439616102373)","('AvgHouseholdIncome', 92938.0)","('NoCertificate', 0.21961168216674826)","('secondaryDiploma', 0.31815956926089084)","('postSecondaryDiploma', 0.4622287485723609)","('UnemploymentRate', 7.5)",,UCP
"('ID', 60)","('Population', 44325)","('Name', 'Fort McMurray-Lac La Biche')","('Age20_34', 0.26271855611957134)","('Age35_49', 0.23666102650874224)","('Age50_64', 0.19864636209813874)","('Age64Over', 0.05820642978003384)","('Immigration', 0.18812217194570136)","('Asian', 0.11718131433095803)","('African', 0.05564981336952833)","('Hispanic', 0.0065603438525053724)","('MiddleEastern', 0.041284922520076914)","('white', 0.77344191833503)","('AvgHouseholdIncome', 165827.0)","('NoCertificate', 0.18298465829846583)","('secondaryDiploma', 0.30223152022315203)","('postSecondaryDiploma', 0.5146443514644351)","('UnemploymentRate', 9.2)",,UCP
"('ID', 61)","('Population', 41265)","('Name', 'Fort McMurray-Wood Buffalo')","('Age20_34', 0.2972252514237247)","('Age35_49', 0.2576032957712347)","('Age50_64', 0.15073306676360113)","('Age64Over', 0.021325578577486973)","('Immigration', 0.20075297546757348)","('Asian', 0.1650473645858635)","('African', 0.04323536555744474)","('Hispanic', 0.01554529997571047)","('MiddleEastern', 0.010808841389361185)","('white', 0.7614768034976925)","('AvgHouseholdIncome', 226386.0)","('NoCertificate', 0.1039650327817671)","('secondaryDiploma', 0.2717764595691539)","('postSecondaryDiploma', 0.6241024039962535)","('UnemploymentRate', 6.8)",,UCP
"('ID', 62)","('Population', 52145)","('Name', 'Fort Saskatchewan-Vegreville')","('Age20_34', 0.20088215552785502)","('Age35_49', 0.18784159555086777)","('Age50_64', 0.20260811199539744)","('Age64Over', 0.15447310384504748)","('Immigration', 0.08307692307692308)","('Asian', 0.031662531017369724)","('African', 0.006352357320099256)","('Hispanic', 0.0032754342431761787)","('MiddleEastern', 0.0027791563275434243)","('white', 0.9541439205955335)","('AvgHouseholdIncome', 117474.0)","('NoCertificate', 0.20167859787706738)","('secondaryDiploma', 0.2942483337447544)","('postSecondaryDiploma', 0.5041964946926685)","('UnemploymentRate', 8.0)",,UCP
"('ID', 63)","('Population', 46345)","('Name', 'Grande Prairie')","('Age20_34', 0.2842809364548495)","('Age35_49', 0.20973136260653794)","('Age50_64', 0.16387959866220736)","('Age64Over', 0.07800194195706117)","('Immigration', 0.11058538732394366)","('Asian', 0.08263644366197183)","('African', 0.02112676056338028)","('Hispanic', 0.006492077464788732)","('MiddleEastern', 0.006822183098591549)","('white', 0.8798415492957746)","('AvgHouseholdIncome', 118742.0)","('NoCertificate', 0.20116780202975115)","('secondaryDiploma', 0.3289309050465731)","('postSecondaryDiploma', 0.4699012929236758)","('UnemploymentRate', 9.4)",,UCP
"('ID', 64)","('Population', 48485)","('Name', 'Grande Prairie-Wapiti')","('Age20_34', 0.23038053006084355)","('Age35_49', 0.21027121790244405)","('Age50_64', 0.17407445601732494)","('Age64Over', 0.08126224605548107)","('Immigration', 0.06551543694400837)","('Asian', 0.036316064887493456)","('African', 0.010151753008895866)","('Hispanic', 0.0029304029304029304)","('MiddleEastern', 0.001674515960230246)","('white', 0.9462061747776034)","('AvgHouseholdIncome', 135289.0)","('NoCertificate', 0.22254616132167152)","('secondaryDiploma', 0.31181452172705815)","('postSecondaryDiploma', 0.4656393169512703)","('UnemploymentRate', 9.9)",,UCP
"('ID', 65)","('Population', 48790)","('Name', 'Highwood')","('Age20_34', 0.15054314408690306)","('Age35_49', 0.22309899569583932)","('Age50_64', 0.2187948350071736)","('Age64Over', 0.125128100020496)","('Immigration', 0.12518119693518326)","('Asian', 0.04555808656036447)","('African', 0.008490370677158831)","('Hispanic', 0.005073514185131497)","('MiddleEastern', 0.0010354110581901014)","('white', 0.9358045143922137)","('AvgHouseholdIncome', 172507.0)","('NoCertificate', 0.13681986265187532)","('secondaryDiploma', 0.2966191230850502)","('postSecondaryDiploma', 0.5665610142630745)","('UnemploymentRate', 7.8)",,UCP
"('ID', 66)","('Population', 46690)","('Name', 'Innisfail-Sylvan Lake')","('Age20_34', 0.2003641036624545)","('Age35_49', 0.19982865710002143)","('Age50_64', 0.21225101734846863)","('Age64Over', 0.1300064253587492)","('Immigration', 0.060417592181252776)","('Asian', 0.020881928246140175)","('African', 0.005664778407197601)","('Hispanic', 0.003443296678884816)","('MiddleEastern', 0.0004442963456625569)","('white', 0.9681217371987115)","('AvgHouseholdIncome', 131760.0)","('NoCertificate', 0.18958333333333333)","('secondaryDiploma', 0.3165277777777778)","('postSecondaryDiploma', 0.4940277777777778)","('UnemploymentRate', 10.7)",,UCP
"('ID', 67)","('Population', 46535)","('Name', 'Lac Ste. Anne-Parkland')","('Age20_34', 0.15106908778338884)","('Age35_49', 0.19103900290104223)","('Age50_64', 0.2519608896529494)","('Age64Over', 0.15117653379176962)","('Immigration', 0.06080122257395481)","('Asian', 0.013863115380416985)","('African', 0.0038205436087763345)","('Hispanic', 0.004257177164065058)","('MiddleEastern', 0.0013099006658661718)","('white', 0.9757668376814759)","('AvgHouseholdIncome', 119333.0)","('NoCertificate', 0.23245140388768898)","('secondaryDiploma', 0.29036177105831534)","('postSecondaryDiploma', 0.4773218142548596)","('UnemploymentRate', 9.9)",,UCP
"('ID', 68)","('Population', 44845)","('Name', 'Lacombe-Ponoka')","('Age20_34', 0.2047050953283532)","('Age35_49', 0.19065670643327015)","('Age50_64', 0.1990188426803434)","('Age64Over', 0.13368268480321105)","('Immigration', 0.081899988609181)","('Asian', 0.037817519079621824)","('African', 0.009568287959904317)","('Hispanic', 0.003075521129969245)","('MiddleEastern', 0.00034172456999658277)","('white', 0.9482856817405172)","('AvgHouseholdIncome', 115842.0)","('NoCertificate', 0.19776714513556617)","('secondaryDiploma', 0.2962157459765115)","('postSecondaryDiploma', 0.5058721183123097)","('UnemploymentRate', 9.9)",,UCP
"('ID', 69)","('Population', 48330)","('Name', 'Leduc-Beaumont')","('Age20_34', 0.22211876681150425)","('Age35_49', 0.2223256776329402)","('Age50_64', 0.1680115870060004)","('Age64Over', 0.09993792675356922)","('Immigration', 0.09934327113520275)","('Asian', 0.06588137183362869)","('African', 0.019806108620869383)","('Hispanic', 0.004378192431981653)","('MiddleEastern', 0.0055248618784530384)","('white', 0.9026373397268842)","('AvgHouseholdIncome', 129751.0)","('NoCertificate', 0.15759467897380208)","('secondaryDiploma', 0.31342473191258313)","('postSecondaryDiploma', 0.5289805891136148)","('UnemploymentRate', 8.6)",,UCP
"('ID', 70)","('Population', 27765)","('Name', 'Lesser Slave Lake')","('Age20_34', 0.2036736898973528)","('Age35_49', 0.18944714568701604)","('Age50_64', 0.17612101566720692)","('Age64Over', 0.0952638213578246)","('Immigration', 0.053082816490331995)","('Asian', 0.039948923750456035)","('African', 0.007114191900766144)","('Hispanic', 0.0016417365924844946)","('MiddleEastern', 0.0067493615468807)","('white', 0.9434512951477563)","('AvgHouseholdIncome', 94768.0)","('NoCertificate', 0.38957509881422925)","('secondaryDiploma', 0.23863636363636365)","('postSecondaryDiploma', 0.3715415019762846)","('UnemploymentRate', 15.3)",,UCP
"('ID', 71)","('Population', 46100)","('Name', 'Lethbridge-East')","('Age20_34', 0.2032537960954447)","('Age35_49', 0.1727765726681128)","('Age50_64', 0.20878524945770066)","('Age64Over', 0.2017353579175705)","('Immigration', 0.15833426121812716)","('Asian', 0.09543429844097996)","('African', 0.018374164810690423)","('Hispanic', 0.0200445434298441)","('MiddleEastern', 0.00913140311804009)","('white', 0.8544543429844098)","('AvgHouseholdIncome', 90079.0)","('NoCertificate', 0.1944)","('secondaryDiploma', 0.3216)","('postSecondaryDiploma', 0.4842666666666667)","('UnemploymentRate', 6.3)",,UCP
"('ID', 72)","('Population', 46630)","('Name', 'Lethbridge-West')","('Age20_34', 0.2741797126313532)","('Age35_49', 0.18346558009864894)","('Age50_64', 0.16802487668882693)","('Age64Over', 0.12567016941882908)","('Immigration', 0.11452391399736726)","('Asian', 0.06439227731461167)","('African', 0.023475208424747696)","('Hispanic', 0.01338306274681878)","('MiddleEastern', 0.006910925844668714)","('white', 0.887011847301448)","('AvgHouseholdIncome', 95818.0)","('NoCertificate', 0.13857627118644067)","('secondaryDiploma', 0.29654237288135593)","('postSecondaryDiploma', 0.5650169491525424)","('UnemploymentRate', 6.9)",,NDP
"('ID', 73)","('Population', 48145)","('Name', 'Livingstone-Macleod')","('Age20_34', 0.14736732786374493)","('Age35_49', 0.17405753453110395)","('Age50_64', 0.22816491847543877)","('Age64Over', 0.21632568283310832)","('Immigration', 0.1017489825101749)","('Asian', 0.04212494500659921)","('African', 0.004729432468103828)","('Hispanic', 0.004619445666520018)","('MiddleEastern', 0.0029696436427628686)","('white', 0.9431368235811702)","('AvgHouseholdIncome', 91159.0)","('NoCertificate', 0.20463938141581123)","('secondaryDiploma', 0.295960538594854)","('postSecondaryDiploma', 0.49953339554726034)","('UnemploymentRate', 7.9)",,UCP
"('ID', 74)","('Population', 43815)","('Name', 'Maskwacis-Wetaskiwin')","('Age20_34', 0.17277188177564762)","('Age35_49', 0.1806458975236791)","('Age50_64', 0.21043021796188519)","('Age64Over', 0.1477804404884172)","('Immigration', 0.07128003696857671)","('Asian', 0.02934380776340111)","('African', 0.004736598890942699)","('Hispanic', 0.002888170055452865)","('MiddleEastern', 0.003927911275415897)","('white', 0.9578327171903882)","('AvgHouseholdIncome', 100325.0)","('NoCertificate', 0.2685033507073716)","('secondaryDiploma', 0.2859270290394639)","('postSecondaryDiploma', 0.44556962025316454)","('UnemploymentRate', 10.7)",,UCP
"('ID', 75)","('Population', 50215)","('Name', 'Morinville-St. Albert')","('Age20_34', 0.1846061933685154)","('Age35_49', 0.2073085731355173)","('Age50_64', 0.21487603305785125)","('Age64Over', 0.11819177536592651)","('Immigration', 0.08176356786477955)","('Asian', 0.03085225537114347)","('African', 0.010487730373689034)","('Hispanic', 0.0033601466245799815)","('MiddleEastern', 0.007331228999083597)","('white', 0.9437939110070258)","('AvgHouseholdIncome', 165220.0)","('NoCertificate', 0.143391360412637)","('secondaryDiploma', 0.29555125725338494)","('postSecondaryDiploma', 0.5614442295293359)","('UnemploymentRate', 7.5)",,UCP
"('ID', 76)","('Population', 49470)","('Name', 'Olds-Didsbury-Three Hills')","('Age20_34', 0.16767738023044268)","('Age35_49', 0.18960986456438245)","('Age50_64', 0.22104305639781685)","('Age64Over', 0.16959773600161715)","('Immigration', 0.07463008964250999)","('Asian', 0.02613955497947721)","('African', 0.005400734499891985)","('Hispanic', 0.0034564700799308706)","('MiddleEastern', 0.0023763231799524736)","('white', 0.9613307409807734)","('AvgHouseholdIncome', 100996.0)","('NoCertificate', 0.18956080630089442)","('secondaryDiploma', 0.29542117207315444)","('postSecondaryDiploma', 0.5150180216259511)","('UnemploymentRate', 7.5)",,UCP
"('ID', 77)","('Population', 40000)","('Name', 'Peace River')","('Age20_34', 0.2195)","('Age35_49', 0.179125)","('Age50_64', 0.15125)","('Age64Over', 0.0885)","('Immigration', 0.06290589583598624)","('Asian', 0.03820196103399975)","('African', 0.005730294155099962)","('Hispanic', 0.0014007385712466573)","('MiddleEastern', 0.00038201961033999744)","('white', 0.953648287278747)","('AvgHouseholdIncome', 102776.0)","('NoCertificate', 0.41496598639455784)","('secondaryDiploma', 0.22001432151808092)","('postSecondaryDiploma', 0.36501969208736124)","('UnemploymentRate', 10.4)",,UCP
"('ID', 78)","('Population', 47680)","('Name', 'Red Deer-North')","('Age20_34', 0.25262164429530204)","('Age35_49', 0.20270553691275167)","('Age50_64', 0.18676593959731544)","('Age64Over', 0.11377936241610738)","('Immigration', 0.16316241149967817)","('Asian', 0.1184295215618966)","('African', 0.018558249302724737)","('Hispanic', 0.022956447114353143)","('MiddleEastern', 0.010083673031538296)","('white', 0.8229993563612958)","('AvgHouseholdIncome', 103164.0)","('NoCertificate', 0.1949635520212061)","('secondaryDiploma', 0.326441351888668)","('postSecondaryDiploma', 0.4785950960901259)","('UnemploymentRate', 11.2)",,UCP
"('ID', 79)","('Population', 52735)","('Name', 'Red Deer-South')","('Age20_34', 0.2218640371669669)","('Age35_49', 0.20991751208874562)","('Age50_64', 0.1952213899687115)","('Age64Over', 0.12505925855693562)","('Immigration', 0.1365345675441134)","('Asian', 0.09333719024202101)","('African', 0.01658470735705332)","('Hispanic', 0.013499180406903866)","('MiddleEastern', 0.008581621830103173)","('white', 0.8653938867997301)","('AvgHouseholdIncome', 117024.0)","('NoCertificate', 0.1607461090649875)","('secondaryDiploma', 0.30260187715338005)","('postSecondaryDiploma', 0.5366520137816324)","('UnemploymentRate', 9.3)",,UCP
"('ID', 80)","('Population', 45255)","('Name', 'Rimbey-Rocky Mountain House-Sundre')","('Age20_34', 0.16307590321511437)","('Age35_49', 0.17666556181637388)","('Age50_64', 0.23886863330018782)","('Age64Over', 0.17445586123080323)","('Immigration', 0.05857645589737768)","('Asian', 0.014871154501078442)","('African', 0.0030650471109092974)","('Hispanic', 0.001248722897037121)","('MiddleEastern', 0.00022704052673402204)","('white', 0.979225791803837)","('AvgHouseholdIncome', 111097.0)","('NoCertificate', 0.24535419868660052)","('secondaryDiploma', 0.2959340505798519)","('postSecondaryDiploma', 0.458851474081319)","('UnemploymentRate', 12.3)",,UCP
"('ID', 81)","('Population', 45985)","('Name', 'Sherwood Park')","('Age20_34', 0.18799608568011308)","('Age35_49', 0.20137001196042187)","('Age50_64', 0.1987604653691421)","('Age64Over', 0.16940306621724474)","('Immigration', 0.11931755641166758)","('Asian', 0.06086956521739131)","('African', 0.007925151348376444)","('Hispanic', 0.005063291139240506)","('MiddleEastern', 0.003632361034672537)","('white', 0.9176664832140892)","('AvgHouseholdIncome', 142161.0)","('NoCertificate', 0.12469536961819659)","('secondaryDiploma', 0.28080151638234496)","('postSecondaryDiploma', 0.5945031139994584)","('UnemploymentRate', 6.6)",,UCP
"('ID', 82)","('Population', 51255)","('Name', 'Spruce Grove-Stony Plain')","('Age20_34', 0.2222222222222222)","('Age35_49', 0.20661398887913374)","('Age50_64', 0.17208077260755048)","('Age64Over', 0.12398790361915911)","('Immigration', 0.07603960396039604)","('Asian', 0.03772277227722772)","('African', 0.006336633663366337)","('Hispanic', 0.005544554455445544)","('MiddleEastern', 0.0037623762376237622)","('white', 0.9441584158415841)","('AvgHouseholdIncome', 119009.0)","('NoCertificate', 0.17776652317042288)","('secondaryDiploma', 0.31425677386680173)","('postSecondaryDiploma', 0.5079767029627754)","('UnemploymentRate', 8.3)",,UCP
"('ID', 83)","('Population', 47745)","('Name', 'St. Albert')","('Age20_34', 0.18106608021782386)","('Age35_49', 0.202848465807938)","('Age50_64', 0.21143575243480991)","('Age64Over', 0.15750340349774847)","('Immigration', 0.112874028324992)","('Asian', 0.051426746166950595)","('African', 0.010753833049403748)","('Hispanic', 0.006281942078364565)","('MiddleEastern', 0.011073253833049404)","('white', 0.914927597955707)","('AvgHouseholdIncome', 136378.0)","('NoCertificate', 0.12585123101100051)","('secondaryDiploma', 0.2827396542692509)","('postSecondaryDiploma', 0.5914091147197486)","('UnemploymentRate', 6.8)",,NDP
"('ID', 84)","('Population', 47855)","('Name', 'Strathcona-Sherwood Park')","('Age20_34', 0.16393271340507784)","('Age35_49', 0.22296520739734615)","('Age50_64', 0.22871173336119527)","('Age64Over', 0.11179605056942848)","('Immigration', 0.08976377952755905)","('Asian', 0.050188996220075596)","('African', 0.007664846703065938)","('Hispanic', 0.0047249055018899625)","('MiddleEastern', 0.0033599328013439733)","('white', 0.9308063838723225)","('AvgHouseholdIncome', 199153.0)","('NoCertificate', 0.127653997378768)","('secondaryDiploma', 0.28283093053735253)","('postSecondaryDiploma', 0.5895150720838794)","('UnemploymentRate', 6.4)",,UCP
"('ID', 85)","('Population', 42620)","('Name', 'Taber-Warner')","('Age20_34', 0.18254340685124354)","('Age35_49', 0.16576724542468324)","('Age50_64', 0.18465509150633505)","('Age64Over', 0.14148287189113093)","('Immigration', 0.15414608786067066)","('Asian', 0.03080322329087601)","('African', 0.002079542500649857)","('Hispanic', 0.004029113595009098)","('MiddleEastern', 0.0)","('white', 0.9607486353002339)","('AvgHouseholdIncome', 97326.0)","('NoCertificate', 0.2886473429951691)","('secondaryDiploma', 0.3026224982746722)","('postSecondaryDiploma', 0.4087301587301587)","('UnemploymentRate', 5.4)",,UCP
"('ID', 86)","('Population', 46045)","('Name', 'Vermilion-Lloydminster-Wainwright')","('Age20_34', 0.20317081116299274)","('Age35_49', 0.20642849386469758)","('Age50_64', 0.1927462265175372)","('Age64Over', 0.12270604843088283)","('Immigration', 0.07458501570210857)","('Asian', 0.05529385374607447)","('African', 0.010991475998205474)","('Hispanic', 0.003476895468820099)","('MiddleEastern', 0.00639300134589502)","('white', 0.9216016150740243)","('AvgHouseholdIncome', 114882.0)","('NoCertificate', 0.19640308307165286)","('secondaryDiploma', 0.2968883813873822)","('postSecondaryDiploma', 0.5067085355409648)","('UnemploymentRate', 8.4)",,UCP
"('ID', 87)","('Population', 50580)","('Name', 'West Yellowhead')","('Age20_34', 0.2133254250691973)","('Age35_49', 0.21273230525899564)","('Age50_64', 0.21302886516409647)","('Age64Over', 0.10399367338869119)","('Immigration', 0.08276074248794996)","('Asian', 0.05086657778689365)","('African', 0.007486411650087171)","('Hispanic', 0.0017434109322120809)","('MiddleEastern', 0.001333196595221003)","('white', 0.9335452774074454)","('AvgHouseholdIncome', 116858.0)","('NoCertificate', 0.23686907507045862)","('secondaryDiploma', 0.31872918267998973)","('postSecondaryDiploma', 0.44440174224955165)","('UnemploymentRate', 10.5)",,UCP
